file_name,Spanish,English,Score
B2_translate.json,¿Qué planeas hacer mañana,What do you plan to do tomorrow,5
B2_translate.json,Dudo que haga algo mañana,I doubt that I'll do anything tomorrow,5
B2_translate.json,"Por favor, discúlpame un momento. Quiero hacer algo",Please excuse me for a little while. I want to do something,5
B2_translate.json,Me imagino que haré algo de trabajo en lugar de ir al cine,I imagine I’ll do some work instead of going to the movies,5
B2_translate.json,¿Te será conveniente explicarle tus planes a él,Will it be convenient for you to explain your plans to him,5
B2_translate.json,No hay nada que hacer porque mañana es feriado,There’s nothing to do because tomorrow is a holiday,5
B2_translate.json,¿Qué planea hacer tu hermano mañana,What’s your brother planning to do tomorrow,5
B2_translate.json,No puede decidir qué hacer,He can’t decide what to do,5
B2_translate.json,Es difícil tomar una decisión sin conocer todos los hechos,It’s difficult to make a decision without knowing all the facts,5
B2_translate.json,Estamos tratando de planear nuestro futuro,We're trying to plan our future,5
B2_translate.json,Esa es una buena idea,That’s a good idea,5
B2_translate.json,Espero pasar unos días en las montañas,I’m hoping to spend a few days in the mountains,5
B2_translate.json,¿Considerarías ir al norte este verano,Would you consider going north this summer,5
B2_translate.json,"Si hay una posibilidad de que vayas, me gustaría ir contigo","If there’s a chance you'll go, I’d like to go with you",5
B2_translate.json,"Después de pensarlo, por favor dime qué decides","After you think it over, please let me know what you decide",5
B2_translate.json,Estoy ansioso por saber cuál es tu decisión,I'm anxious to know what your decision is,5
B2_translate.json,Estoy seguro de que has tomado la decisión correcta,I'm confident you’ve made the right choice,5
B2_translate.json,Quiero persuadirte de cambiar de opinión,I want to persuade you to change your mind,5
B2_translate.json,¿Aceptarás mi consejo,Will you accept my advice,5
B2_translate.json,¿Qué has decidido,What have you decided,5
B2_translate.json,Definitivamente he decidido ir a California,I’ve definitely decided to go to California,5
B2_translate.json,No quería decir nada para influir en mi decisión,He didn’t want to say anything to influence my decision,5
B2_translate.json,Ella se niega a tomar una decisión,She refuses to make up her mind,5
B2_translate.json,Supongo que has decidido no comprar un coche nuevo,I assume you’ve decided against buying a new car,5
B2_translate.json,Le tomó mucho tiempo decidirse,It took him a long time to make up his mind,5
B2_translate.json,Puedes ir cuando desees,You can go whenever you wish,5
B2_translate.json,Estamos dispuestos a aceptar tu plan,We're willing to accept your plan,5
B2_translate.json,"Sabe que es inconveniente, pero quiere ir de todos modos","He knows it’s inconvenient, but he wants to go anyway",5
B2_translate.json,"Según el Sr. Green, este es un problema complicado","According to Mr. Green, this is a complicated problem",5
B2_translate.json,Ella insiste en que no le importa,She insists that it doesn’t make any difference to her,5
B2_translate.json,¿Vas a ir a algún lugar este año,Are you going to go anyplace this year,5
B2_translate.json,"Si tengo suficiente dinero, voy a hacer un viaje al extranjero","If I have enough money, I’m going to take a trip abroad",5
B2_translate.json,¿Cómo vas? ¿Vas en barco,How are you going? Are you going by boat,5
B2_translate.json,Es más rápido ir en avión que en barco,It’s faster to go by plane than by boat,5
B2_translate.json,¿Cuál es la forma más rápida de llegar allí,What’s the quickest way to get there,5
B2_translate.json,En total tomará diez días hacer el viaje,Altogether it will take ten days to make the trip,5
B2_translate.json,Espero que te diviertas en tu viaje,I hope you have a good time on your trip,5
B2_translate.json,"Me voy mañana, pero aún no he empacado mis maletas","I’m leaving tomorrow, but I haven’t packed my suitcases yet",5
B2_translate.json,Voy por aire. Me gusta volar,I’m going by air. I like flying,5
B2_translate.json,Mi hermano hizo un viaje a México,My brother took a trip to Mexico,5
B2_translate.json,Fue un vuelo de seis horas,It was a six-hour flight,5
B2_translate.json,¿Cuántos pasajeros había en el tren,How many passengers were on the train,5
B2_translate.json,Su amigo resultó herido en un accidente aéreo,His friend was injured in an airplane crash,5
B2_translate.json,¿Te gustaría dar un paseo,Would you like to go for a walk,5
B2_translate.json,Vamos al aeropuerto. El avión aterrizó hace diez minutos,Let’s go out to the airport. The plane landed ten minutes ago,5
B2_translate.json,Voy de compras porque necesito comprar ropa,I’m going shopping because I need to buy some clothes,5
B2_translate.json,"Si esta camisa no me queda, ¿puedo devolverla más tarde","If this shirt doesn’t fit, may I bring it back later",5
B2_translate.json,¿Qué talla de zapatos usas,What size shoes do you wear,5
B2_translate.json,Ese traje se te ve muy bien,That suit looks very good on you,5
B2_translate.json,"Este vestido es de seda, ¿verdad","This dress is made of silk, isn’t it",5
B2_translate.json,Me gustaría probarme este suéter,I'd like to try on this sweater,5
B2_translate.json,Estoy interesado en comprar un coche nuevo,I'm interested in buying a new car,5
B2_translate.json,¿Cuál es el precio de esa plancha eléctrica,What’s the price of that electric iron,5
B2_translate.json,¿Cuánto cuesta esta alfombra,How much is this rug,5
B2_translate.json,¿Está en oferta esta pasta de dientes hoy,Is this toothpaste on sale today,5
B2_translate.json,"Esa es una hermosa cartera de cuero, pero cuesta demasiado","That’s a beautiful leather wallet, but it costs too much",5
B2_translate.json,¿Cuánto te debo,How much do I owe you,5
B2_translate.json,Eso será dieciocho dólares y setenta y cinco centavos,That will be eighteen dollars and seventy-five cents,5
B2_translate.json,¿Tienes cambio de un billete de veinte dólares,Do you have change for a twenty-dollar bill,5
B2_translate.json,El dependiente me ayudó a encontrar lo que quería,The clerk helped me find what I wanted,5
B2_translate.json,¿Qué te gustaría comer,What would you like to eat,5
B2_translate.json,"Me gustaría un tazón de sopa de tomate, por favor","I'd like a bowl of tomato soup, please",5
B2_translate.json,El camarero parece tener prisa por tomar nuestra orden,The waiter seems to be in a hurry to take our order,5
B2_translate.json,"¿Qué preferirías, bistec o pescado",Which would you rather have—steak or fish,5
B2_translate.json,Quiero mi bistec bien cocido,I want my steak well-done,5
B2_translate.json,¿Qué tipos de vegetales tienes,What kinds of vegetables do you have,5
B2_translate.json,Tendré puré de papas y judías verdes,I'll have mashed potatoes and green beans,5
B2_translate.json,¿Podrías pasarme la sal,Would you please pass the salt,5
B2_translate.json,Sirven buena comida en este restaurante,They serve good food in this restaurant,5
B2_translate.json,¿Estás listo para tu postre ahora,Are you ready for your dessert now,5
B2_translate.json,"Este cuchillo está sucio. ¿Podrías traerme uno limpio, por favor","This knife is dirty. Would you bring me a clean one, please",5
B2_translate.json,"¿Me puede traer la cuenta, por favor","May I have the check, please",5
B2_translate.json,Tienes tu elección de tres sabores de helado,You have your choice of three flavors of ice cream,5
B2_translate.json,"Tenemos vainilla, chocolate y fresa","We have vanilla, chocolate, and strawberry",5
B2_translate.json,"Invitamos a dos invitados a cenar, pero no vinieron","We invited two guests to dinner, but they didn’t come",5
B2_translate.json,¿Cuánto duró la película,How long did the movie last,5
B2_translate.json,La función comenzó a las 9 en punto y terminó a las 11:30,The feature started at 9 o’clock and ended at 11:30,5
B2_translate.json,Dicen que la nueva película es una historia de aventuras,They say the new film is an adventure story,5
B2_translate.json,Un grupo de nosotros fue al teatro anoche,A group of us went out to the theater last night,5
B2_translate.json,La nueva obra fue buena y todos la disfrutaron,The new play was good and everybody enjoyed it,5
B2_translate.json,"Para cuando llegamos, la obra ya había comenzado","By the time we got there, the play had already begun",5
B2_translate.json,El acomodador nos llevó a nuestros asientos,The usher showed us to our seats,5
B2_translate.json,El elenco de la obra incluía a un actor famoso,The cast of the play included a famous actor,5
B2_translate.json,"Después de que terminó la obra, todos queríamos comer algo","After the play was over, we all wanted to get something to eat",5
B2_translate.json,Había una gran multitud y tuvimos dificultad para conseguir un taxi,There was a big crowd and we had difficulty getting a taxi,5
B2_translate.json,"El restaurante estaba lleno, así que decidimos ir a otro lugar","The restaurant was filled, so we decided to go elsewhere",5
B2_translate.json,Mi hermano quiere aprender a bailar,My brother wants to learn how to dance,5
B2_translate.json,No vamos a bailar muy a menudo,We don’t go dancing very often,5
B2_translate.json,"¿Qué prefieres hacer, bailar o ir a una obra de teatro",Which would you rather do—go dancing or go to a play,5
B2_translate.json,No estoy acostumbrado a salir después del anochecer,I’m not accustomed to going out after dark,5
B2_translate.json,Me gustaría hacer una cita para ver al Sr. Cooper,I'd like to make an appointment to see Mr. Cooper,5
B2_translate.json,¿Te gustaría concertar una entrevista personal,Would you like to arrange for a personal interview,5
B2_translate.json,Tu cita será el próximo jueves a las 10 en punto,Your appointment will be next Thursday at 10 o’clock,5
B2_translate.json,Puedo venir cualquier día excepto el jueves,I can come any day except Thursday,5
B2_translate.json,Quiere cambiar su cita de lunes a miércoles,He wants to change his appointment from Monday to Wednesday,5
B2_translate.json,Ella no llamó a la oficina para cancelar su cita,She failed to call the office to cancel her appointment,5
B2_translate.json,Voy a llamar a la agencia de empleo para un trabajo,I’m going to call the employment agency for a job,5
B2_translate.json,"Por favor, llene este formulario de solicitud",Please fill in this application form,5
B2_translate.json,¿Está buscando una posición permanente,Are you looking for a permanent position,5
B2_translate.json,Voy a llamar a un fontanero para que venga esta tarde,I’m going to call a plumber to come this afternoon,5
B2_translate.json,No pude asistir a la cita porque estaba enfermo,I couldn’t keep the appointment because I was sick,5
B2_translate.json,Soy un nuevo empleado. Me contrataron ayer,I'm a new employee. I was hired yesterday,5
B2_translate.json,"Por favor, llama antes de venir, de lo contrario, puede que no estemos en casa","Please call before you come, otherwise we might not be home",5
B2_translate.json,Hagamos una cita para ir de compras el próximo jueves,Let’s make a date to go shopping next Thursday,5
B2_translate.json,¿Puedes cerrar la puerta con llave cuando te vayas,Will you please lock the door when you leave,5
B2_translate.json,Fui a ver a mi doctor para un chequeo ayer,I went to see my doctor for a check-up yesterday,5
B2_translate.json,El doctor descubrió que tengo un poco de sobrepeso,The doctor discovered that I’m a little overweight,5
B2_translate.json,Me hizo una radiografía de tórax y me tomó la presión arterial,He gave me a chest X-ray and took my blood pressure,5
B2_translate.json,Me dijo que tomara estas pastillas cada cuatro horas,He told me to take these pills every four hours,5
B2_translate.json,¿Crees que el paciente puede curarse,Do you think the patient can be cured,5
B2_translate.json,Lo operaron anoche,They operated on him last night,5
B2_translate.json,Necesitaba una transfusión de sangre,He needed a blood transfusion,5
B2_translate.json,Mi tío tuvo un ataque al corazón el año pasado,My uncle had a heart attack last year,5
B2_translate.json,Tuvieron que llamar a un especialista en cardiología,They had to call in a heart specialist,5
B2_translate.json,¿Qué dijo el doctor,What did the doctor say,5
B2_translate.json,El doctor me aconsejó hacer mucho ejercicio,The doctor advised me to get plenty of exercise,5
B2_translate.json,El doctor dijo que me veo pálido,The doctor said I look pale,5
B2_translate.json,"Si quiero estar saludable, tengo que dejar de fumar cigarrillos","If I want to be healthy, I have to stop smoking cigarettes",5
B2_translate.json,El médico dijo que fumar es perjudicial para mi salud,The physician said smoking is harmful to my health,5
B2_translate.json,Es solo una picadura de mosquito. No hay nada de qué preocuparse,It’s just a mosquito bite. There’s nothing to worry about,5
B2_translate.json,Te buscan en el teléfono,You’re wanted on the telephone,5
B2_translate.json,¿Qué número debo marcar para obtener la operadora,What number should I dial to get the operator,5
B2_translate.json,Quiero hacer una llamada de larga distancia,I want to make a long distance call,5
B2_translate.json,Levanta el auricular y deposita una moneda en la ranura,Pick up the receiver and deposit a coin in the slot,5
B2_translate.json,"Intenté llamar al Sr. Cooper, pero la línea estaba ocupada","I tried to call Mr. Cooper, but the line was busy",5
B2_translate.json,Debes haber marcado el número equivocado,You must have dialed the wrong number,5
B2_translate.json,"Marqué el número correcto, pero nadie respondió","I dialed the right number, but nobody answered",5
B2_translate.json,"El teléfono está sonando. ¿Podrías contestarlo, por favor","The telephone is ringing. Would you answer it, please",5
B2_translate.json,¿Te gustaría dejar un mensaje,Would you like to leave a message,5
B2_translate.json,¿Quién es este? No reconozco tu voz,Who is this? I don’t recognize your voice,5
B2_translate.json,¿Podrías decirle al Sr. Cooper que llamé,Would you please tell Mr. Cooper I called,5
B2_translate.json,¿Es este Empire 5-4093,Is this Empire 5-4093,5
B2_translate.json,Tengo que colgar ahora,I have to hang up now,5
B2_translate.json,Pon el auricular más cerca de tu boca. No puedo oírte,Put the receiver closer to your mouth. I can’t hear you,5
B2_translate.json,¿Te importaría llamar de nuevo mañana,Would you mind calling back sometime tomorrow,5
B2_translate.json,¿Cuánto tiempo ha pasado desde que supiste de tu tío,How long has it been since you’ve heard from your uncle,5
B2_translate.json,¿Cuándo fue la última vez que te escribió,When was the last time he wrote you,5
B2_translate.json,No puedo recordar cuánto tiempo ha pasado,I can’t recall how long it’s been,5
B2_translate.json,Siempre me siento decepcionado cuando no recibo correo,I’m always disappointed when I don’t get any mail,5
B2_translate.json,Me siento culpable porque no le he escrito últimamente,I feel guilty because I haven’t written her lately,5
B2_translate.json,¿A qué hora se entrega el correo los sábados,What time is the mail delivered on Saturday,5
B2_translate.json,El cartero siempre llega a las 2 en punto,The postman always comes at 2 o’clock,5
B2_translate.json,Le escribí a mi tío anoche. No podía posponerlo más,I wrote to my uncle last night. I couldn’t put it off any longer,5
B2_translate.json,Adjunté algunas fotografías en mi carta,I enclosed some photographs in my letter,5
B2_translate.json,No sabía si enviar la carta por correo aéreo o no,I didn’t know whether to send the letter airmail or not,5
B2_translate.json,¿Cuánto tarda una carta en llegar a California,How long does it take for a letter to get to California,5
B2_translate.json,No olvides poner sellos en la carta antes de enviarla,Don’t forget to put stamps on the letter before you mail it,5
B2_translate.json,Fue a la oficina de correos para enviar una carta,He went to the post office to mail a letter,5
B2_translate.json,Dejé caer la carta en el buzón de la esquina,I dropped the letter in the mailbox on the corner,5
B2_translate.json,¿Cómo firmaste la carta? ¿Escribiste “Atentamente tuyo,"How did you sign the letter? Did you write, “Sincerely yours",5
B1_translate.json,¿De qué color es tu libro,What color is your book,5
B1_translate.json,Mi libro tiene una cubierta azul oscuro,My book has a dark blue cover,5
B1_translate.json,¿Cuánto pesa esa máquina de escribir,How much does that typewriter weigh,5
B1_translate.json,"No es muy pesada, pero no sé el peso exacto","It’s not too heavy, but I don’t know the exact weight",5
B1_translate.json,Esta mesa redonda pesa unos cuarenta y cinco libras,This round table weighs about forty-five pounds,5
B1_translate.json,¿De qué tamaño es tu maleta,What size suitcase do you own,5
B1_translate.json,"Una de mis maletas es pequeña, y la otra es de tamaño mediano","One of my suitcases is small, and the other one is medium size",5
B1_translate.json,Me gusta la forma de esa mesa,I like the shape of that table,5
B1_translate.json,¿Cuánto mide el Boulevard Jones,How long is Jones Boulevard,5
B1_translate.json,Esa calle mide solo dos millas de largo,That street is only two miles long,5
B1_translate.json,¿Podrías medir esta ventana para ver qué tan ancha es,Will you please measure this window to see how wide it is,5
B1_translate.json,Esta ventana es tan ancha como esa,This window is just as wide as that one,5
B1_translate.json,Las paredes tienen tres pulgadas de grosor,The walls are three inches thick,5
B1_translate.json,Este material se siente suave,This material feels soft,5
B1_translate.json,Este lápiz es más largo que ese,This pencil is longer than that one,5
B1_translate.json,¿Podrías decirle al Sr. Cooper que estoy aquí,Would you please tell Mr. Cooper that I’m here,5
B1_translate.json,Lleva estos libros a casa contigo esta noche,Take these books home with you tonight,5
B1_translate.json,"Por favor, tráeme esas revistas",Please bring me those magazines,5
B1_translate.json,¿Me ayudarías a levantar esta caja pesada,Would you help me lift this heavy box,5
B1_translate.json,"Por favor, pide a John que encienda las luces",Please ask John to turn on the lights,5
B1_translate.json,Deja tus libros en la mesa,Put your books down on the table,5
B1_translate.json,"Tráeme un martillo de la cocina, ¿quieres?","Get me a hammer from the kitchen, will you",5
B1_translate.json,"Cuelga mi abrigo en el armario, ¿por favor?","Hang up my coat in the closet, will you please",5
B1_translate.json,"Por favor, no me molestes ahora, estoy muy ocupado","Please don’t bother me now, I’m very busy",5
B1_translate.json,¿Te importaría enviar esta carta por mí,Would you mind mailing this letter for me,5
B1_translate.json,"Si tienes tiempo, ¿me llamarás mañana","If you have time, will you call me tomorrow",5
B1_translate.json,"Por favor, recoge esas tazas y platillos",Please pick up those cups and saucers,5
B1_translate.json,¿Me harías un favor,Will you do me a favor,5
B1_translate.json,"Por favor, cuenta las sillas en esa habitación",Please count the chairs in that room,5
B1_translate.json,"Por favor, vierte esta leche en ese vaso",Please pour this milk into that glass,5
B1_translate.json,"Disculpe, señor. ¿Puede darme alguna información","Excuse me, sir. Can you give me some information",5
B1_translate.json,¿Puedes decirme dónde está la calle Peach,Can you tell me where Peach Street is,5
B1_translate.json,Está a dos cuadras derecho,It’s two blocks straight ahead,5
B1_translate.json,¿En qué dirección está el teatro,Which direction is it to the theater,5
B1_translate.json,Gira a la derecha en la siguiente esquina,Turn right at the next corner,5
B1_translate.json,¿Qué tan lejos está la universidad,How far is it to the university,5
B1_translate.json,Está muy lejos de aquí,It’s a long way from here,5
B1_translate.json,La escuela está justo a la vuelta de la esquina,The school is just around the corner,5
B1_translate.json,El restaurante está al otro lado de la calle del hotel,The restaurant is across the street from the hotel,5
B1_translate.json,No puedes perderlo,You can’t miss it,5
B1_translate.json,¿Conoces el número de teléfono del Sr. Cooper,Do you happen to know Mr. Cooper’s telephone number,5
B1_translate.json,¿Podrías decirme dónde está el teléfono más cercano,Could you tell me where the nearest telephone is,5
B1_translate.json,¿Debo ir por aquí o por allá,"Should I go this way, or that way",5
B1_translate.json,"Ve por allá por dos cuadras, luego gira a la izquierda","Go that way for two blocks, then turn left",5
B1_translate.json,Disculpa. ¿Este asiento está ocupado,I beg your pardon. Is this seat taken,5
B1_translate.json,¿Estás casado,Are you married,5
B1_translate.json,"No, no estoy casado. Aún estoy soltero","No, I’m not married. I’m still single",5
B1_translate.json,"Tu sobrina está comprometida, ¿verdad","Your niece is engaged, isn’t she",5
B1_translate.json,Mi hermana está comprometida desde hace dos meses,My sister has been engaged for two months,5
B1_translate.json,Mi abuelo se casó en 1921,My grandfather got married in 1921,5
B1_translate.json,¿Cuándo es el aniversario de bodas de tus abuelos,When is your grandparents’ wedding anniversary,5
B1_translate.json,¿Cuánto tiempo llevan casados,How long have they been married,5
B1_translate.json,Han estado casados por bastantes años,They’ve been married for quite a few years,5
B1_translate.json,¿Con quién se casó George,Who did George marry,5
B1_translate.json,¿Tienen hijos,Do they have children,5
B1_translate.json,Tuvieron un bebé el mes pasado,They had a baby last month,5
B1_translate.json,Mi hijo quiere casarse en junio,My son wants to get married in June,5
B1_translate.json,No saben cuándo será la boda,They don’t know when the wedding will be,5
B1_translate.json,Sus nietos ya han crecido,Their grandchildren are grown up now,5
B1_translate.json,Ella es viuda. Su esposo murió el año pasado,She’s a widow. Her husband died last year,5
B1_translate.json,Crecí aquí mismo en este vecindario,I grew up right here in this neighborhood,5
B1_translate.json,Mi amigo pasó su infancia en California,My friend spent his childhood in California,5
B1_translate.json,Ha habido muchos cambios aquí en los últimos 20 años,There have been a lot of changes here in the last 20 years,5
B1_translate.json,Solía haber una tienda de comestibles en la esquina,There used to be a grocery store on the corner,5
B1_translate.json,Están construyendo una nueva casa en la calle de mi casa,They’re building a new house up the street from me,5
B1_translate.json,"Si compras esa casa, ¿pasarás el resto de tu vida allí","If you buy that home, will you spend the rest of your life there",5
B1_translate.json,Todos nos conocemos bastante bien,We all know each other pretty well,5
B1_translate.json,Una joven pareja casada se mudó a la casa de al lado,A young married couple moved in next door to us,5
B1_translate.json,Un hombre mayor alquiló la gran casa blanca,An elderly man rented the big white house,5
B1_translate.json,¡Qué hermosos árboles son esos,What beautiful trees those are,5
B1_translate.json,¿Dónde creciste,Where did you grow up,5
B1_translate.json,Vivió en California hasta que tenía diecisiete años,He lived in California until he was seventeen,5
B1_translate.json,Todas esas casas se han construido en los últimos diez años,All of those houses have been built in the last ten years,5
B1_translate.json,¿Tus vecinos son muy amigables,Are your neighbors very friendly,5
B1_translate.json,¿Quién compró esa nueva casa en la calle de tu casa,Who bought that new house down the street from you,5
B1_translate.json,¿A qué hora te vas a levantar mañana por la mañana,What time are you going to get up tomorrow morning,5
B1_translate.json,Probablemente me despierte temprano y me levante a las 6:30,I'll probably wake up early and get up at 6:30,5
B1_translate.json,¿Qué harás entonces,What will you do then,5
B1_translate.json,"Después de vestirme, desayunaré","After I get dressed, I'll have breakfast",5
B1_translate.json,¿Qué tendrás para el desayuno mañana por la mañana,What will you have for breakfast tomorrow morning,5
B1_translate.json,Probablemente tenga huevos y tostadas para el desayuno,I'll probably have eggs and toast for breakfast,5
B1_translate.json,"Después del desayuno, me prepararé para ir al trabajo","After breakfast, I'll get ready to go to work",5
B1_translate.json,Saldré de casa a las 8:00 y llegaré a la oficina a las 8:30,I'll leave the house at 8:00 and get to the office at 8:30,5
B1_translate.json,Probablemente salga a almorzar alrededor de las 12:30,I'll probably go out for lunch at about 12:30,5
B1_translate.json,Terminaré de trabajar a las 5:30 y llegaré a casa a las 6 en punto,I'll finish working at 5:30 and get home by 6 o’clock,5
B1_translate.json,¿Vas a cenar en casa mañana por la noche,Are you going to have dinner at home tomorrow night,5
B1_translate.json,¿Crees que irás al cine mañana por la noche,Do you think you'll go to the movies tomorrow night,5
B1_translate.json,Probablemente me quede en casa y vea televisión,I'll probably stay home and watch television,5
B1_translate.json,"Cuando me dé sueño, probablemente me prepare para ir a la cama","When I get sleepy, I'll probably get ready for bed",5
B1_translate.json,¿Crees que podrás dormirte de inmediato,Do you think you'll be able to go to sleep right away,5
B1_translate.json,¿Cómo está el clima hoy,How is the weather today,5
B1_translate.json,El clima está agradable hoy,The weather is nice today,5
B1_translate.json,¿Cómo estuvo el clima ayer,What was the weather like yesterday,5
B1_translate.json,Ayer llovió todo el día,Yesterday it rained all day,5
B1_translate.json,¿Cómo estará el clima mañana,What will the weather be like tomorrow,5
B1_translate.json,Mañana va a nevar,It’s going to snow tomorrow,5
B1_translate.json,Hoy está bastante frío,It’s quite cold today,5
B1_translate.json,Ha estado nublado toda la mañana,It’s been cloudy all morning,5
B1_translate.json,¿Está lloviendo ahora,Is it raining now,5
B1_translate.json,Probablemente se despeje esta tarde,It'll probably clear up this afternoon,5
B1_translate.json,Los días se están volviendo más calurosos,The days are getting hotter,5
B1_translate.json,Hoy es el primer día de primavera,Today is the first day of spring,5
B1_translate.json,¿Cuál es la temperatura hoy,What’s the temperature today,5
B1_translate.json,Es alrededor de setenta grados Fahrenheit esta tarde,It’s about seventy degrees Fahrenheit this afternoon,5
B1_translate.json,Hay una brisa fresca esta noche,There’s a cool breeze this evening,5
B1_translate.json,¿Cómo te sientes hoy,How are you feeling today,5
B1_translate.json,No me siento muy bien esta mañana,I don’t feel very well this morning,5
B1_translate.json,"Estuve enfermo ayer, pero estoy mejor hoy","I was sick yesterday, but I’m better today",5
B1_translate.json,"Mi fiebre se ha ido, pero todavía tengo tos","My fever is gone, but I still have a cough",5
B1_translate.json,Mi hermano tiene un fuerte dolor de cabeza,My brother has a bad headache,5
B1_translate.json,¿Cuál de tus brazos está adolorido,Which of your arms is sore,5
B1_translate.json,Mi brazo derecho duele. Duele justo aquí,My right arm hurts. It hurts right here,5
B1_translate.json,¿Qué te pasa,What’s the matter with you,5
B1_translate.json,Tengo un dolor en la espalda,I've got a pain in my back,5
B1_translate.json,¿Qué pie duele? ¿Es el izquierdo?,Which foot hurts? Is it the left one,5
B1_translate.json,¿Cómo te rompiste la pierna,How did you break your leg,5
B1_translate.json,Resbalé en las escaleras y me caí. Me rompí la pierna,I slipped on the stairs and fell down. I broke my leg,5
B1_translate.json,Tu mano derecha está hinchada. ¿Duele?,Your right hand is swollen. Does it hurt,5
B1_translate.json,Está sangrando. Será mejor que veas a un doctor por ese corte,It’s bleeding. You'd better go see a doctor about that cut,5
B1_translate.json,Espero que te mejores pronto,I hope you'll be well soon,5
B1_translate.json,¿Qué piensas? ¿Está bien?,What do you think? Is that right,5
B1_translate.json,Por supuesto. Estás absolutamente en lo correcto sobre eso,Certainly. You're absolutely right about that,5
B1_translate.json,Creo que estás equivocado sobre eso,I think you’re mistaken about that,5
B1_translate.json,Me gusta más el clima cálido,I like hot weather best,5
B1_translate.json,"Personalmente, prefiero el clima de invierno","Personally, I prefer winter weather",5
B1_translate.json,¿Crees que va a llover mañana,Do you think it’s going to rain tomorrow,5
B1_translate.json,No sé si lloverá o no,I don’t know whether it will rain or not,5
B1_translate.json,"En mi opinión, esa es una excelente idea","In my opinion, that’s an excellent idea",5
B1_translate.json,¿Por qué el Sr. Cooper está tan cansado? ¿Tienes alguna idea,Why is Mr. Cooper so tired? Do you have any idea,5
B1_translate.json,Está cansado porque trabajó duro todo el día hoy,He’s tired because he worked hard all day today,5
B1_translate.json,¿Qué piensas de mis hijos,What do you think of my children,5
B1_translate.json,Creo que tienes hijos muy atractivos,I think you have very attractive children,5
B1_translate.json,"Por favor, dame tu opinión sincera",Please give me your frank opinion,5
B1_translate.json,¿Realmente quieres saber lo que pienso,Do you really want to know what I think,5
B1_translate.json,¡Por supuesto que quiero saber cuál es tu opinión,Of course I want to know what your opinion is,5
A1_translate.json,Yo voy al mercado.,I go to the market.,5
A1_translate.json,Ella es una buena amiga.,She is a good friend.,5
A1_translate.json,Me gusta leer libros.,I like to read books.,5
A1_translate.json,El perro es grande.,The dog is big.,5
A1_translate.json,Nosotros somos estudiantes.,We are students.,5
A1_translate.json,Ellos están en la escuela.,They are at school.,5
A1_translate.json,Tengo un gato.,I have a cat.,5
A1_translate.json,¿Cómo te llamas?,What is your name?,5
A1_translate.json,¿Dónde vives?,Where do you live?,5
A1_translate.json,Mi color favorito es el azul.,My favorite color is blue.,5
A1_translate.json,Él tiene un coche.,He has a car.,5
A1_translate.json,Nos gusta jugar fútbol.,We like to play soccer.,5
A1_translate.json,Ellos tienen una casa grande.,They have a big house.,5
A1_translate.json,El gato es blanco.,The cat is white.,5
A1_translate.json,Yo soy un profesor.,I am a teacher.,5
A1_translate.json,Ella tiene una bicicleta.,She has a bicycle.,5
A1_translate.json,Nosotros comemos pizza los viernes.,We eat pizza on Fridays.,5
A1_translate.json,¿Cuál es tu película favorita?,What is your favorite movie?,5
A1_translate.json,¿Qué día es hoy?,What day is today?,5
A1_translate.json,El cielo está nublado.,The sky is cloudy.,5
A1_translate.json,Voy a la playa en verano.,I go to the beach in summer.,5
A1_translate.json,Él estudia en la universidad.,He studies at the university.,5
A1_translate.json,Me encanta la música.,I love music.,5
A1_translate.json,Ellos trabajan en una oficina.,They work in an office.,5
A1_translate.json,Nosotros vamos al cine los sábados.,We go to the cinema on Saturdays.,5
A1_translate.json,¿Qué hora es?,What time is it?,5
A1_translate.json,Tengo un hermano menor.,I have a younger brother.,5
A1_translate.json,Ella vive en una ciudad grande.,She lives in a big city.,5
A1_translate.json,¿Puedes ayudarme?,Can you help me?,5
A1_translate.json,El niño está jugando en el parque.,The boy is playing in the park.,5
A1_translate.json,Nosotros leemos libros en la biblioteca.,We read books in the library.,5
A1_translate.json,Me gusta el helado de chocolate.,I like chocolate ice cream.,5
A1_translate.json,Ellos van a la iglesia los domingos.,They go to church on Sundays.,5
A1_translate.json,Voy a comprar pan.,I am going to buy bread.,5
A1_translate.json,¿Dónde está el baño?,Where is the bathroom?,5
A1_translate.json,Mi madre cocina muy bien.,My mother cooks very well.,5
A1_translate.json,¿Tienes una pluma?,Do you have a pen?,5
A1_translate.json,El profesor es muy amable.,The teacher is very kind.,5
A1_translate.json,La tienda está cerrada.,The store is closed.,5
A1_translate.json,Vamos a visitar a nuestros abuelos.,We are going to visit our grandparents.,5
A1_translate.json,¿Qué quieres comer?,What do you want to eat?,5
A1_translate.json,Ella está aprendiendo inglés.,She is learning English.,5
A1_translate.json,Me gusta bailar.,I like to dance.,5
A1_translate.json,Él juega al tenis.,He plays tennis.,5
A1_translate.json,Nosotros vamos de compras.,We are going shopping.,5
A1_translate.json,¿Cómo está el clima hoy?,How is the weather today?,5
A1_translate.json,Ellos cantan muy bien.,They sing very well.,5
A1_translate.json,Voy a la estación de tren.,I am going to the train station.,5
A1_translate.json,¿Puedes repetir eso?,Can you repeat that?,5
A1_translate.json,El libro es muy interesante.,The book is very interesting.,5
C1_translate.json,Una cosa extraña me pasó esta mañana,A strange thing happened to me this morning,5
C1_translate.json,Estaba cruzando la calle y casi me atropella un coche,I was crossing the street and was almost hit by a car,5
C1_translate.json,"Afortunadamente, retrocedí a tiempo para evitar ser atropellado","Fortunately, I jumped back in time to avoid being hit",5
C1_translate.json,"Fue una experiencia terrible, y no lo olvidaré","It was a terrible experience, and I won’t forget it",5
C1_translate.json,Ayer fue un día tan hermoso que decidimos ir a dar un paseo,Yesterday was such a beautiful day we decided to go for a drive,5
C1_translate.json,Preparamos un almuerzo para picnic y condujimos junto al río,We prepared a picnic lunch and drove down by the river,5
C1_translate.json,"Después de un rato, encontramos un lugar sombreado bajo algunos álamos","After a while, we found a shady place under some poplar trees",5
C1_translate.json,"En el camino de regreso a casa, tuvimos un pinchazo","On the way back home, we had a flat tire",5
C1_translate.json,"Era de noche cuando regresamos, y estábamos todos cansados","It was after dark when we got back, and we were all tired",5
C1_translate.json,Desearía que me dieras una descripción más detallada de tu viaje,I wish you would give me a more detailed description of your trip,5
C1_translate.json,"Hablando de viajes, ¿te he contado alguna vez sobre la experiencia que tuve","Speaking of trips, did I ever tell you about the experience I had",5
C1_translate.json,Solíamos divertirnos mucho cuando teníamos esa edad,We used to have a lot of fun when we were that age,5
C1_translate.json,No puedo recordar las circunstancias exactas,I can’t recall the exact circumstances,5
C1_translate.json,Nunca me di cuenta de que algún día viviría en Nueva York,I never realized that someday I would be living in New York,5
C1_translate.json,Nunca imaginamos que John se convertiría en doctor,We never imagined that John would become a doctor,5
C1_translate.json,Estamos buscando una casa para alquilar en el verano,We’re looking for a house to rent for the summer,5
C1_translate.json,¿Estás tratando de encontrar una casa amueblada,Are you trying to find a furnished house,5
C1_translate.json,Esta casa de dos niveles está en alquiler. Es una ganga,This split-level house is for rent. It’s a bargain,5
C1_translate.json,Esa casa está en venta. Tiene calefacción central,That house is for sale. It has central heating,5
C1_translate.json,Tenemos algunas cosas de cocina y un comedor,We have a few kitchen things and a dining room set,5
C1_translate.json,"Este es un plano de piso interesante. Por favor, muéstrame el sótano",This is an interesting floor plan. Please show me the basement,5
C1_translate.json,El techo tiene goteras y los escalones delanteros necesitan ser arreglados,"The roof has leaks in it, and the front steps need to be fixed",5
C1_translate.json,Tenemos que conseguir una cama y un tocador para el dormitorio,We've got to get a bed and a dresser for the bedroom,5
C1_translate.json,¿La puerta trasera tiene cerradura,Does the back door have a lock on it,5
C1_translate.json,Ya han encendido la electricidad. La casa está lista,They’ve already turned on the electricity. The house is ready,5
C1_translate.json,Me preocupa la apariencia del suelo. Necesito encerarlo,I'm worried about the appearance of the floor. I need to wax it,5
C1_translate.json,"Si quieres una toalla, busca en el armario de la ropa blanca","If you want a towel, look in the linen closet",5
C1_translate.json,¿Qué estilo de muebles tienes? ¿Es tradicional,What style furniture do you have? Is it traditional,5
C1_translate.json,"Tenemos cortinas para la sala de estar, pero necesitamos cortinas para la cocina","We have drapes for the living room, but we need kitchen curtains",5
C1_translate.json,La casa necesita pintura. Está en mal estado,The house needs painting. It’s in bad condition,5
C1_translate.json,¿Qué vas a llevar hoy,What are you going to wear today,5
C1_translate.json,Voy a llevar mi traje azul. ¿Está bien,I’m going to wear my blue suit. Is that all right,5
C1_translate.json,Tengo dos trajes para enviar a la tintorería,I have two suits to send to the cleaners,5
C1_translate.json,Tengo algunas camisas para enviar a la lavandería,I have some shirts to send to the laundry,5
C1_translate.json,Deberías limpiar y planchar ese abrigo,You ought to have that coat cleaned and pressed,5
C1_translate.json,Tengo que lavar y planchar esta camisa,I’ve got to get this shirt washed and ironed,5
C1_translate.json,Todos mis trajes están sucios. No tengo nada que ponerme,All my suits are dirty. I don’t have anything to wear,5
C1_translate.json,Será mejor que lleves una chaqueta ligera. Hace frío hoy,You'd better wear a light jacket. It’s chilly today,5
C1_translate.json,Este vestido ya no me queda,This dress doesn’t fit me anymore,5
C1_translate.json,Supongo que he crecido demasiado para este par de pantalones,I guess I’ve outgrown this pair of trousers,5
C1_translate.json,Estos zapatos están desgastados. Han durado mucho tiempo,These shoes are worn out. They’ve lasted a long time,5
C1_translate.json,No puedo abrochar este botón de cuello,I can’t fasten this collar button,5
C1_translate.json,¿Por qué no te vistes ahora? Ponte tu ropa de trabajo,Why don’t you get dressed now? Put on your work clothes,5
C1_translate.json,"Mi hermano entró, se cambió de ropa y salió de nuevo","My brother came in, changed his clothes, and went out again",5
C1_translate.json,No me di cuenta de que llevabas tu sombrero nuevo,I didn’t notice you were wearing your new hat,5
C1_translate.json,"Tienes tu punto de vista, y yo tengo el mío","You have your point of view, and I have mine",5
C1_translate.json,Lo abordas de una manera diferente a la mía,You approach it in a different way than I do,5
C1_translate.json,"No voy a discutir contigo, pero creo que estás siendo injusto","I won’t argue with you, but I think you’re being unfair",5
C1_translate.json,Ese es un punto de vista liberal,That’s a liberal point of view,5
C1_translate.json,Parece tener muchas ideas extrañas,He seems to have a lot of strange ideas,5
C1_translate.json,No veo ningún punto en seguir discutiendo la cuestión,I don’t see any point in discussing the question any further,5
C1_translate.json,¿Qué alternativas tengo,What alternatives do I have,5
C1_translate.json,Todos tienen derecho a su propia opinión,Everyone is entitled to his own opinion,5
C1_translate.json,Siempre hay dos lados en todo,There are always two sides to everything,5
C1_translate.json,Tenemos puntos de vista opuestos sobre esto,We have opposite views on this,5
C1_translate.json,Por favor perdóname. No quise iniciar una discusión,Please forgive me. I didn’t mean to start an argument,5
C1_translate.json,Debo conocer tu opinión. ¿Estás de acuerdo conmigo,I must know your opinion. Do you agree with me,5
C1_translate.json,¿Qué punto estás tratando de hacer,What point are you trying to make,5
C1_translate.json,"Nuestras opiniones no están tan alejadas, después de todo","Our views are not so far apart, after all",5
C1_translate.json,Deberíamos ser capaces de resolver nuestras diferencias,We should be able to resolve our differences,5
C1_translate.json,"Si no llueve mañana, creo que iré de compras","If it doesn’t rain tomorrow, I think I'll go shopping",5
C1_translate.json,"Existe la posibilidad de que vayamos, pero todo depende del clima","There’s a possibility we'll go, but it all depends on the weather",5
C1_translate.json,"Si tengo tiempo mañana, creo que me cortaré el pelo","If I have time tomorrow, I think I’ll get a haircut",5
C1_translate.json,Espero recordar pedirle al barbero que no me corte el pelo demasiado corto,I hope I remember to ask the barber not to cut my hair too short,5
C1_translate.json,Mi hijo quiere ser policía cuando crezca,My son wants to be a policeman when he grows up,5
C1_translate.json,"Si termino mi trabajo a tiempo, me iré a Nueva York el lunes","If I get my work finished in time, I'll leave for New York Monday",5
C1_translate.json,Supongamos que no pudieras ir de viaje. ¿Cómo te sentirías,Suppose you couldn’t go on the trip. How would you feel,5
C1_translate.json,¿Qué dirías si te dijera que no podría ir contigo,What would you say if I told you I couldn’t go with you,5
C1_translate.json,"Si compro ese coche, tendré que pedir prestado algo de dinero","If I buy that car, I'll have to borrow some money",5
C1_translate.json,"Si fuera contigo, tendría que estar de regreso a las seis en punto","If I went with you, I'd have to be back by six o’clock",5
C1_translate.json,"Algún día, me gustaría tomar unas vacaciones","One of these days, I’d like to take a vacation",5
C1_translate.json,"Tan pronto como pueda, voy a cambiar de trabajo","As soon as I can, I’m going to change jobs",5
C1_translate.json,Existe la posibilidad de que no pueda estar en casa para Navidad,There’s a chance he won't be able to be home for Christmas,5
C1_translate.json,Es posible que podamos ayudarte de alguna manera,We may be able to help you in some way,5
C1_translate.json,"Si asistieras al banquete, ¿qué llevarías puesto","If you were to attend the banquet, what would you wear",5
C1_translate.json,¿Qué habrías hecho anoche si no hubieras tenido que estudiar,What would you have done last night if you hadn’t had to study,5
C1_translate.json,Habría ido al picnic si no hubiera llovido,I would have gone on the picnic if it hadn’t rained,5
C1_translate.json,"Si te hubieras levantado más temprano, habrías tenido tiempo para desayunar","If you had gotten up earlier, you would have had time for breakfast",5
C1_translate.json,"Si hubiera tenido tiempo, te habría llamado","If I had had time, I would have called you",5
C1_translate.json,¿Te habría visto si no le hubieras saludado,Would he have seen you if you hadn’t waved to him,5
C1_translate.json,"Si hubiera tenido suficiente dinero, habría comprado esa casa","If he had only had enough money, he would have bought that house",5
C1_translate.json,"Desearía que me hubieras llamado al día siguiente, como te pedí","I wish you had called me back the next day, as I had asked you to",5
C1_translate.json,"Si no hubieras resbalado y caído, no te habrías roto la pierna","If you hadn’t slipped and fallen, you wouldn’t have broken your leg",5
C1_translate.json,"Si hubiera sabido que querías ir, te habría llamado","If I had known you wanted to go, I would have called you",5
C1_translate.json,"Si hubiera sabido que no tenías una llave, no habría cerrado la puerta","Had I known you didn’t have a key, I wouldn’t have locked the door",5
C1_translate.json,"Ella habría ido conmigo, pero no tenía tiempo","She would have gone with me, but she didn’t have time",5
C1_translate.json,"Si hubiera pedido direcciones, no me habría perdido","If I had asked for directions, I wouldn’t have gotten lost",5
C1_translate.json,"Aunque hubiéramos podido tomar unas vacaciones, es posible que no hubiéramos querido","Even if we could have taken a vacation, we might not have wanted to",5
C1_translate.json,Todo habría estado bien si no hubieras dicho eso,Everything would have been all right if you hadn’t said that,5
C1_translate.json,"Mirando hacia atrás, desearía que no nos hubiéramos rendido tan fácilmente","Looking back on it, I wish we hadn’t given in so easily",5
C1_translate.json,¿Qué es lo que no te gusta del clima invernal,What is it you don’t like about winter weather,5
C1_translate.json,No me gusta cuando hace mucho frío,I don’t like it when the weather gets real cold,5
C1_translate.json,No soporto el clima de verano,I can’t stand summer weather,5
C1_translate.json,Lo que no me gusta de conducir es todo el tráfico en la carretera,The thing I don’t like about driving is all the traffic on the road,5
C1_translate.json,No le gusta la idea de irse a la cama temprano,He doesn’t like the idea of going to bed early,5
C1_translate.json,"Me gusta jugar al tenis, pero no soy muy buen jugador","I like to play tennis, but I’m not a very good player",5
C1_translate.json,No me gusta la espinaca aunque sé que es buena para mí,I don’t like spinach even though I know it’s good for me,5
C1_translate.json,Me temo que estás siendo demasiado exigente con tu comida,I'm afraid you're being too particular about your food,5
C1_translate.json,Siempre encuentra defectos en todo,He always finds fault with everything,5
C1_translate.json,A ella no le gusta nada de lo que hago o digo,She doesn’t like anything I do or say,5
C1_translate.json,Tienes un gusto maravilloso en ropa,You have wonderful taste in clothes,5
C1_translate.json,¿Cuál es tu pasatiempo favorito,What’s your favorite pastime,5
C1_translate.json,¿Qué te gustó más de la película,What did you like best about the movie,5
C1_translate.json,"No me gustó el sabor de la medicina, pero la tomé de todos modos","I didn’t like the taste of the medicine, but I took it anyway",5
C1_translate.json,¿Por qué no te gusta tanto la medicina,Why do you dislike the medicine so much,5
C1_translate.json,"Si quieres mi consejo, no creo que debas ir","If you want my advice, I don’t think you should go",5
C1_translate.json,Sugiero que rompas la carta y empieces de nuevo,I suggest that you tear up the letter and start over again,5
C1_translate.json,"Es solo una sugerencia, y puedes hacer lo que quieras","It’s only a suggestion, and you can do what you please",5
C1_translate.json,Déjame darte un pequeño consejo paternal,Let me give you a little fatherly advice,5
C1_translate.json,"Si no te gusta, desearía que lo dijeras","If you don’t like it, I wish you would say so",5
C1_translate.json,"Por favor, no te ofendas. Solo quería decirte lo que pienso",Please don’t take offense. I only wanted to tell you what I think,5
C1_translate.json,"En mi opinión, la casa no vale el precio que están pidiendo","In my opinion, the house isn’t worth the price they’re asking",5
C1_translate.json,Mi sentimiento es que deberías quedarte en casa esta noche,My feeling is that you ought to stay home tonight,5
C1_translate.json,"No es asunto mío, pero creo que deberías trabajar más duro","It’s none of my business, but I think you ought to work harder",5
C1_translate.json,"En general, mi reacción es favorable","In general, my reaction is favorable",5
C1_translate.json,"Si no tomas mi consejo, lo lamentarás","If you don’t take my advice, you'll be sorry",5
C1_translate.json,Siempre he tratado de no interferir en tus asuntos,I’ve always tried not to interfere in your affairs,5
C1_translate.json,Soy lo suficientemente mayor para tomar mis propias decisiones,I’m old enough to make up my own mind,5
C1_translate.json,"Gracias por el consejo, pero esto es algo que tengo que resolver por mí mismo","Thanks for the advice, but this is something I have to figure out myself",5
C1_translate.json,No prestará atención a nadie. Solo estás perdiendo el aliento,He won't pay attention to anybody. You're just wasting your breath,5
C1_translate.json,¿Podrías sostener la puerta abierta para mí,Would you please hold the door open for me,5
C1_translate.json,Eres muy amable por tomarte la molestia de ayudarme,You’re very kind to take the trouble to help me,5
C1_translate.json,Desearía poder pagarte de alguna manera por tu amabilidad,I wish I could repay you somehow for your kindness,5
C1_translate.json,Me temo que fue una molestia para ti hacer esto,I’m afraid it was a bother for you to do this,5
C1_translate.json,No fue ninguna molestia. Me alegra hacerlo,It wasn’t any bother. I was glad to do it,5
C1_translate.json,Solo hay un último favor que necesito pedirte,There’s just one last favor I need to ask of you,5
C1_translate.json,Me encantaría ayudarte en todo lo que pueda,I'd be happy to help you in any way I can,5
C1_translate.json,¿Te importaría empujarme? Mi coche se ha averiado,Would you mind giving me a push? My car has stalled,5
C1_translate.json,¿Serías tan amable de abrir esta ventana para mí? Está atascada,Would you be so kind as to open this window for me? It’s stuck,5
C1_translate.json,"Si hay algo más que pueda hacer, por favor hágamelo saber","If there’s anything else I can do, please let me know",5
C1_translate.json,Esta es la última vez que te pediré que hagas algo por mí,This is the last time I'll ever ask you to do anything for me,5
C1_translate.json,Ciertamente no tenía la intención de causarte tanta inconveniencia,I certainly didn’t intend to cause you so much inconvenience,5
C1_translate.json,Siempre te estará agradecido por lo que has hecho,He'll always be indebted to you for what you’ve done,5
C1_translate.json,¿Podrías prestarme diez dólares? Dejé mi billetera en casa,Could you lend me ten dollars? I left my wallet at home,5
C1_translate.json,Te agradecería si apagaras las luces. Tengo sueño,I'd appreciate it if you would turn out the lights. I’m sleepy,5
C1_translate.json,No me di cuenta de que el tiempo había pasado tan rápido,I didn’t realize the time had passed so quickly,5
C1_translate.json,Tengo muchas cosas que hacer antes de poder irme,I've got a lot of things to do before I can leave,5
C1_translate.json,"Por un lado, tengo que pasar por el banco para conseguir algo de dinero","For one thing, I’ve got to drop by the bank to get some money",5
C1_translate.json,Me llevará casi todos mis ahorros comprar el boleto,It'll take almost all my savings to buy the ticket,5
C1_translate.json,"¡Oh, acabo de recordar algo! Tengo que solicitar un pasaporte","Oh, I just remembered something! I have to apply for a passport",5
C1_translate.json,Casi olvidé desconectar el teléfono,I almost forgot to have the phone disconnected,5
C1_translate.json,Es bueno que me hayas recordado llevar mi abrigo pesado,It’s a good thing you reminded me to take my heavy coat,5
C1_translate.json,Nunca lo habría pensado si no lo hubieras mencionado,I never would have thought of it if you hadn’t mentioned it,5
C1_translate.json,Te veré en el aeropuerto,I'll see you off at the airport,5
C1_translate.json,Están llamando tu vuelo ahora. Apenas tienes tiempo para llegar,They’re calling your flight now. You barely have time to make it,5
C1_translate.json,Será mejor que corras o te quedarás atrás,You'd better run or you’re going to be left behind,5
C1_translate.json,No olvides cablear para hacernos saber que llegaste bien,Don’t forget to cable to let us know you arrived safely,5
C1_translate.json,"Estoy seguro de que he olvidado algo, pero ya es demasiado tarde","I'm sure I’ve forgotten something, but it’s too late now",5
C1_translate.json,¿Tienes algo que declarar en la aduana,Do you have anything to declare for customs,5
C1_translate.json,No tienes que pagar impuestos sobre los bienes personales,You don’t have to pay any duty on personal belongings,5
A2_translate.json,¿Qué quieres?,What do you want?,5
A2_translate.json,Quiero una taza de café.,I want a cup of coffee.,5
A2_translate.json,¿Qué te gustaría comer?,What would you like to eat?,5
A2_translate.json,"Por favor, dame un trozo de pastel.",Please give me a piece of pie.,5
A2_translate.json,"¿Cuál te gustaría, este o aquel?","Which one would you like, this one or that one?",5
A2_translate.json,No me importa.,It doesn’t matter to me.,5
A2_translate.json,Me gustaría hablar con el Sr. Jones o el Sr. Smith.,I'd like to talk with Mr. Jones or Mr. Smith.,5
A2_translate.json,"Lo siento, pero ambos están ocupados ahora mismo.","I'm sorry, but both of them are busy right now.",5
A2_translate.json,¿No te gustaría un poco de café?,Wouldn't you like some coffee?,5
A2_translate.json,"Preferiría tomar un poco de té, si no te importa.","I'd rather have some tea, if you don’t mind.",5
A2_translate.json,¿Conoces a alguna de esas personas?,Do you know any of those people?,5
A2_translate.json,Dos o tres de ellos me resultan familiares.,Two or three of them look familiar.,5
A2_translate.json,Todas esas personas son amigas mías.,All of those people are friends of mine.,5
A2_translate.json,¿Cuál de esos hombres es el Sr. Taylor?,Which one of those men is Mr. Taylor?,5
A2_translate.json,¿Es el hombre alto de la izquierda?,Is he the tall man on the left?,5
A2_translate.json,¿Hablas inglés?,Do you speak English?,5
A2_translate.json,"Sí, un poco.","Yes, a little.",5
A2_translate.json,¿Tu amigo habla inglés?,Does your friend speak English?,5
A2_translate.json,"Sí, habla inglés perfectamente.","Yes, he speaks English perfectly.",5
A2_translate.json,¿Cuál es su lengua materna?,What’s his native language?,5
A2_translate.json,No sé cuál es su lengua materna.,I don’t know what his native language is.,5
A2_translate.json,¿Cuántos idiomas hablas?,How many languages do you speak?,5
A2_translate.json,Mi amigo lee y escribe varios idiomas.,My friend reads and writes several languages.,5
A2_translate.json,¿Qué tan bien conoces el francés?,How well do you know French?,5
A2_translate.json,Habla francés con acento americano.,He speaks French with an American accent.,5
A2_translate.json,Mis padres hablan inglés con fluidez.,My parents speak English fluently.,5
A2_translate.json,El Sr. Jones puede leer francés bastante bien.,Mr. Jones can read French pretty well.,5
A2_translate.json,A veces cometo errores cuando hablo inglés.,Sometimes I make mistakes when I speak English.,5
A2_translate.json,Tengo muchos problemas con la pronunciación.,I have a lot of trouble with pronunciation.,5
A2_translate.json,¿Cómo es su acento en francés?,How is her accent in French?,5
A2_translate.json,¿Qué estás haciendo?,What are you doing?,5
A2_translate.json,Estoy leyendo un libro.,I’m reading a book.,5
A2_translate.json,¿Qué está haciendo tu amigo?,What’s your friend doing?,5
A2_translate.json,Está estudiando su lección.,He’s studying his lesson.,5
A2_translate.json,No estoy haciendo nada en este momento.,I'm not doing anything right now.,5
A2_translate.json,¿Adónde vas?,Where are you going?,5
A2_translate.json,Me voy a casa.,I’m going home.,5
A2_translate.json,¿A qué hora vuelves?,What time are you coming back?,5
A2_translate.json,No estoy seguro de a qué hora vuelvo.,I’m not sure what time I’m coming back.,5
A2_translate.json,¿En qué estás pensando?,What are you thinking about?,5
A2_translate.json,Estoy pensando en mi lección.,I’m thinking about my lesson.,5
A2_translate.json,¿A quién le estás escribiendo?,Who are you writing to?,5
A2_translate.json,Estoy escribiendo a un amigo mío en Sudamérica.,I’m writing to a friend of mine in South America.,5
A2_translate.json,"Por cierto, ¿a quién estás esperando?","By the way, who are you waiting for?",5
A2_translate.json,No estoy esperando a nadie.,I’m not waiting for anybody.,5
A2_translate.json,¿Cuántos años tienes?,How old are you?,5
A2_translate.json,Tengo veintiún años.,I’m twenty-one years old.,5
A2_translate.json,Mi hermano no tiene veinticinco años.,My brother is not quite twenty-five.,5
A2_translate.json,"John aún no tiene cuarenta y cinco años, ¿verdad?","John is not forty-five yet, is he?",5
A2_translate.json,El Sr. Smith todavía está en sus cincuenta.,Mr. Smith is still in his fifties.,5
A2_translate.json,Soy dos años mayor que tú.,I’m two years older than you are.,5
A2_translate.json,Mi hermano es dos años más joven que yo.,My brother is two years younger than I am.,5
A2_translate.json,¿Cuántos son en tu familia?,How many are there in your family?,5
A2_translate.json,Somos siete en total.,There are seven of us altogether.,5
A2_translate.json,Mi hermana es la mayor.,My sister is the oldest.,5
A2_translate.json,Yo soy el más joven.,I’m the youngest.,5
A2_translate.json,Adivina cuántos años tengo.,Guess how old I am.,5
A2_translate.json,Diría que tienes unos veintitrés.,I'd say you’re about twenty-three.,5
A2_translate.json,Cumplí treinta en mi último cumpleaños.,I was thirty on my last birthday.,5
A2_translate.json,Voy a cumplir sesenta y uno el próximo martes.,I'm going to be sixty-one next Tuesday.,5
A2_translate.json,¿A qué hora te levantas todos los días?,What time do you get up every day?,5
A2_translate.json,Generalmente me despierto temprano.,I usually wake up early.,5
A2_translate.json,Me levanto a las 6 en punto todos los días.,I get up at 6 o’clock every day.,5
A2_translate.json,Mi hermano se levanta más tarde que yo.,My brother gets up later than I do.,5
A2_translate.json,"Después de vestirme, desayuno.","After I get dressed, I have breakfast.",5
A2_translate.json,"Usualmente, tengo un gran desayuno.","Usually, I have a big breakfast.",5
A2_translate.json,"Tengo jugo, cereal, tostadas y café para el desayuno.","I have juice, cereal, toast, and coffee for breakfast.",5
A2_translate.json,Salgo de casa a las ocho de la mañana cada día.,I leave the house at eight a.m. each day.,5
A2_translate.json,Llego al trabajo a las nueve en punto todas las mañanas.,I get to work at nine o’clock every morning.,5
A2_translate.json,Trabajo duro toda la mañana.,I work hard all morning.,5
A2_translate.json,Salgo a almorzar alrededor de las 12:30.,I go out for lunch at about 12:30.,5
A2_translate.json,Termino de trabajar a las 5:45 p.m.,I finish working at 5:45 p.m.,5
A2_translate.json,Ceno alrededor de las 7 en punto.,I eat dinner at about 7 o’clock.,5
A2_translate.json,"Antes de cenar, leo el periódico por un rato.","Before I eat dinner, I read the newspaper for a while.",5
A2_translate.json,Generalmente me voy a la cama alrededor de la medianoche.,I usually go to bed at about midnight.,5
A2_translate.json,¿A qué hora te levantaste ayer por la mañana?,What time did you get up yesterday morning?,5
A2_translate.json,Me desperté temprano y me levanté a las 6 en punto.,I woke up early and got up at 6 o’clock.,5
A2_translate.json,Mi hermano se levantó antes que yo.,My brother got up earlier than I did.,5
A2_translate.json,¿Te vestiste de inmediato?,Did you get dressed right away?,5
A2_translate.json,"Sí, me vestí y desayuné.","Yes, I got dressed and had breakfast.",5
A2_translate.json,¿Qué tipo de desayuno tuviste?,What kind of breakfast did you have?,5
A2_translate.json,¿A qué hora llegaste al trabajo ayer por la mañana?,What time did you get to work yesterday morning?,5
A2_translate.json,Salí de casa a las 8 en punto y llegué al trabajo a las 8:30.,I left the house at 8 o’clock and got to work at 8:30.,5
A2_translate.json,¿Trabajaste todo el día?,Did you work all day?,5
A2_translate.json,"Sí, trabajé desde temprano por la mañana hasta tarde en la noche.","Yes, I worked from early morning until late at night.",5
A2_translate.json,Al mediodía almorcé con un amigo mío.,At noon I had lunch with a friend of mine.,5
A2_translate.json,Terminé de trabajar a las 5:30 y me fui a casa.,I finished working at 5:30 and went home.,5
A2_translate.json,Después de cenar leí una revista y hice algunas llamadas telefónicas.,After dinner I read a magazine and made some telephone calls.,5
A2_translate.json,Me fui a la cama a las 11:30 p.m.,I went to bed at 11:30 p.m.,5
A2_translate.json,Me dormí de inmediato y dormí profundamente toda la noche.,I went to sleep immediately and slept soundly all night.,5
A2_translate.json,¿Adónde fuiste ayer?,Where did you go yesterday?,5
A2_translate.json,Fui a ver a un amigo mío.,I went to see a friend of mine.,5
A2_translate.json,¿Viste al Sr. Jones ayer?,Did you see Mr. Jones yesterday?,5
A2_translate.json,"No vi al Sr. Jones, pero vi a John Smith.","I didn’t see Mr. Jones, but I saw John Smith.",5
A2_translate.json,¿De qué hablaste?,What did you talk about?,5
A2_translate.json,Hablamos de muchas cosas.,We talked about a lot of things.,5
A2_translate.json,Le hice muchas preguntas.,I asked him a lot of questions.,5
A2_translate.json,¿Qué le preguntaste?,What did you ask him?,5
A2_translate.json,Le pregunté si hablaba inglés.,I asked him if he spoke English.,5
A2_translate.json,Dijo que hablaba un poco de inglés.,He said he spoke a little English.,5
A2_translate.json,Luego le pregunté si conocía a alguien en Nueva York.,Then I asked him if he knew anybody in New York.,5
A2_translate.json,Dijo que conocía a mucha gente allí.,He said he knew a lot of people there.,5
A2_translate.json,"Finalmente, le pregunté cuántos años tenía.","Finally, I asked him how old he was.",5
A2_translate.json,Dijo que prefería no decir su edad.,He said he would rather not tell his age.,5
A2_translate.json,Respondió casi todas mis preguntas.,He answered almost all of my questions.,5
A2_translate.json,¿A qué hora solías levantarte el año pasado?,What time did you use to get up last year?,5
A2_translate.json,Solía despertarme temprano y levantarme a las 7 en punto.,I used to wake up early and get up at 7 o’clock.,5
A2_translate.json,Solía poner mi despertador exactamente a las 7 a.m.,I used to set my alarm clock for exactly 7 a.m.,5
A2_translate.json,Nunca solía quedarme dormido.,I never used to oversleep.,5
A2_translate.json,Solía vestirme rápido todas las mañanas.,I used to get dressed quickly every morning.,5
A2_translate.json,Siempre solía salir para el trabajo a las 8:30.,I always used to leave for work at 8:30.,5
A2_translate.json,Solía empezar a trabajar a las 9 en punto todos los días.,I used to start working at 9:00 o’clock every day.,5
A2_translate.json,Solía almorzar todos los días a la misma hora.,I used to have lunch every day at the same time.,5
A2_translate.json,Solía trabajar hasta casi las 6 en punto cada día.,I used to work until nearly 6:00 o’clock each day.,5
A2_translate.json,Solía cenar a las 7:30 y me iba a la cama temprano.,I used to have dinner at 7:30 and go to bed early.,5
A2_translate.json,Mi hermano y yo solíamos ir a muchos lugares juntos.,My brother and I used to go a lot of places together.,5
A2_translate.json,Solíamos ir al cine una vez por semana.,We used to go to the movies about once a week.,5
A2_translate.json,Solíamos tener muchos amigos interesantes.,We used to have a lot of interesting friends.,5
A2_translate.json,Mi hermano solía hablarme en francés todo el tiempo.,My brother used to speak French to me all the time.,5
A2_translate.json,Siempre solía hacerle muchas preguntas.,I always used to ask him a lot of questions.,5
A2_translate.json,¿Dónde vives?,Where do you live?,5
A2_translate.json,Vivo en la calle Washington.,I live on Washington Street.,5
A2_translate.json,¿Cuál es tu dirección?,What’s your address?,5
A2_translate.json,Vivo en el 1203 de la calle Washington.,I live at 1203 Washington Street.,5
A2_translate.json,Soy el vecino de al lado del Sr. Smith.,I'm Mr. Smith’s next door neighbor.,5
A2_translate.json,"Vives aquí en la ciudad, ¿no?","You live here in the city, don’t you?",5
A2_translate.json,Soy de fuera de la ciudad.,I'm from out of town.,5
A2_translate.json,¿Cuánto tiempo has vivido aquí?,How long have you lived here?,5
A2_translate.json,He vivido aquí por cinco años.,I’ve lived here for five years.,5
A2_translate.json,Me ha conocido por más de diez años.,He’s known me for over ten years.,5
A2_translate.json,He hablado inglés toda mi vida.,I've spoken English all my life.,5
A2_translate.json,Ya he leído ese libro.,I’ve already read that book.,5
A2_translate.json,¿Ha estudiado francés por mucho tiempo?,Has he studied French very long?,5
A2_translate.json,¿Ya has desayunado?,Have you had breakfast already?,5
A2_translate.json,"Sí, desayuné hace dos horas.","Yes, I had breakfast two hours ago.",5
A2_translate.json,¿Dónde estuviste ayer por la tarde?,Where were you yesterday afternoon?,5
A2_translate.json,Estuve en casa toda la tarde.,I was at home all afternoon.,5
A2_translate.json,Estuve escribiendo algunas cartas a amigos míos.,I was writing some letters to friends of mine.,5
A2_translate.json,¿Qué estabas haciendo alrededor de las 4 en punto de ayer por la tarde?,What were you doing at about 4 o’clock yesterday afternoon?,5
A2_translate.json,Estaba escuchando la radio.,I was listening to the radio.,5
A2_translate.json,¿Qué estabas haciendo cuando te llamé por teléfono?,What were you doing when I called you on the telephone?,5
A2_translate.json,"Cuando me llamaste, estaba cenando.","When you called me, I was eating dinner.",5
A2_translate.json,"Cuando vi al Sr. Jones, estaba hablando con John Smith.","When I saw Mr. Jones, he was talking with John Smith.",5
A2_translate.json,"Mientras estabas escribiendo cartas, yo estaba leyendo un libro.","While you were writing letters, I was reading a book.",5
A2_translate.json,"Mientras desayunábamos, John estaba hablando por teléfono.","While we were having breakfast, John was talking on the telephone.",5
A2_translate.json,¿Puedes adivinar lo que estaba haciendo esta mañana?,Can you guess what I was doing this morning?,5
A2_translate.json,No puedo recordar lo que John estaba haciendo ayer por la tarde.,I can’t remember what John was doing yesterday afternoon.,5
A2_translate.json,He olvidado cuál dijo que era su dirección.,I’ve forgotten what he said his address was.,5
A2_translate.json,He olvidado a qué hora dijo que cenó anoche.,I’ve forgotten what time he said he had dinner last night.,5
A2_translate.json,Nos llamaron justo cuando estábamos cenando.,They called us just as we were having dinner.,5
C2_translate.json,¿Cuál es tu nacionalidad? ¿Eres estadounidense?,What's your nationality? Are you American,5
C2_translate.json,¿De qué parte del mundo eres?,What part of the world do you come from,5
C2_translate.json,Soy estadounidense de nacimiento,I'm an American by birth,5
C2_translate.json,"Nací en España, pero soy ciudadano de Francia","I was born in Spain, but I'm a citizen of France",5
C2_translate.json,¿Sabes cuál es la población de Japón?,Do you know what the population of Japan is,5
C2_translate.json,¿Cuál es el área del Congo en millas cuadradas?,What's the area of the Congo in square miles,5
C2_translate.json,¿Quién es el gobernador de este estado?,Who is the governor of this state,5
C2_translate.json,"Según el último censo, nuestra población ha aumentado","According to the latest census, our population has increased",5
C2_translate.json,"Políticamente, el país está dividido en cincuenta estados","Politically, the country is divided into fifty states",5
C2_translate.json,La zona industrial está centrada principalmente en el norte,The industrial area is centered largely in the north,5
C2_translate.json,El país es rico en recursos naturales. Tiene depósitos minerales,The country is rich in natural resources. It has mineral deposits,5
C2_translate.json,Esta nación se destaca por su estabilidad económica,This nation is noted for its economic stability,5
C2_translate.json,¿Cuántos años tienes que tener para votar en las elecciones nacionales?,How old do you have to be to vote in the national elections,5
C2_translate.json,Hoy celebramos nuestro día de independencia. Es un feriado nacional,Today we celebrate our day of independence. It's a national holiday,5
C2_translate.json,Mi hogar está en la capital. Es una ciudad cosmopolita,My home is in the capital. It's a cosmopolitan city,5
C2_translate.json,"Geográficamente, este país está ubicado en el hemisferio sur","Geographically, this country is located in the southern hemisphere",5
C2_translate.json,Es un país hermoso con muchos lagos grandes,It's a beautiful country with many large lakes,5
C2_translate.json,Esta parte del país es muy montañosa,This part of the country is very mountainous,5
C2_translate.json,La tierra en esta región es seca y árida,The land in this region is dry and parched,5
C2_translate.json,A lo largo de la costa norte hay muchos acantilados altos,Along the northern coast there are many high cliffs,5
C2_translate.json,"Aquí hay bosques, y la tala de árboles es importante","There are forests here, and lumbering is important",5
C2_translate.json,El paisaje es hermoso cerca del Océano Pacífico,The scenery is beautiful near the Pacific Ocean,5
C2_translate.json,Esta cadena montañosa tiene muchos picos altos y cañones profundos,This mountain range has many high peaks and deep canyons,5
C2_translate.json,¿Qué tipo de clima tienes? ¿Es suave?,What kind of climate do you have? Is it mild,5
C2_translate.json,¿A qué distancia está la costa del Atlántico de las montañas?,How far is it from the shore of the Atlantic to the mountains,5
C2_translate.json,¿Es buena la llanura costera para la agricultura?,Is the coastal plain good for farming,5
C2_translate.json,¿Cuál es el río más largo de los Estados Unidos?,What's the longest river in the United States,5
C2_translate.json,¿La mayoría de los lagos se encuentran en la región centro-norte?,Are most of the lakes located in the north central region,5
C2_translate.json,"A medida que viajas hacia el oeste, ¿la tierra se eleva?","As you travel westward, does the land get higher",5
C2_translate.json,El clima aquí es cálido y soleado. ¿Llueve mucho?,The weather is warm and sunny here. Do you get much rain,5
C2_translate.json,"Los niños ingresan a la escuela a los cinco años, ¿no?","Children enter school at the age of five, don't they",5
C2_translate.json,"En la escuela primaria, el niño aprende a leer y escribir","In elementary school, the child learns to read and write",5
C2_translate.json,"En la escuela secundaria, los niños obtienen conocimientos más avanzados","In secondary school, children get more advanced knowledge",5
C2_translate.json,"En las universidades, los estudiantes se capacitan para ser maestros e ingenieros","In universities, students train to become teachers and engineers",5
C2_translate.json,Fue a la escuela primaria en Nueva York y a la secundaria en Chicago,He went to grade school in New York and high school in Chicago,5
C2_translate.json,En la universidad me especialicé en ciencias. ¿Cuál fue tu especialidad?,In college I majored in science. What was your major,5
C2_translate.json,Mi hermana se graduó de la escuela secundaria. La graduación fue anoche,My sister graduated from high school. Graduation was last night,5
C2_translate.json,Soy graduado de la Universidad de Yale. Tengo un título de Licenciatura en Artes,I'm a graduate of Yale University. I have a Bachelor of Arts degree,5
C2_translate.json,"Si esperas ingresar a la universidad, deberías postularte ahora","If you expect to enter the university, you should apply now",5
C2_translate.json,Este es mi primer año de universidad. Soy estudiante de primer año,This is my first year of college. I'm a freshman,5
C2_translate.json,Mi tío es director de escuela secundaria,My uncle is a high school principal,5
C2_translate.json,¿Qué tipo de calificaciones obtuviste en la universidad?,What kind of grades did you make in college,5
C2_translate.json,"Durante tu primer año de universidad, ¿sacaste puros dieces?","During your first year of college, did you make straight A's",5
C2_translate.json,Mi hermano es miembro de la facultad. Él enseña economía,My brother is a member of the faculty. He teaches economics,5
C2_translate.json,John tiene actividades extracurriculares. Está en el equipo de fútbol,John has extracurricular activities. He's on the football team,5
C2_translate.json,Soy empleado federal. Trabajo para el Departamento de Trabajo,I'm a federal employee. I work for the Department of Labor,5
C2_translate.json,¿Qué tipo de trabajo haces? ¿Eres vendedor?,What kind of work do you do? Are you a salesman,5
C2_translate.json,"Tan pronto como termine mi capacitación, voy a ser cajero de banco","As soon as I complete my training, I'm going to be a bank teller",5
C2_translate.json,John ha creado su propio negocio. Él es dueño de un hotel,John has built up his own business. He owns a hotel,5
C2_translate.json,¿Qué quieres ser cuando crezcas? ¿Ya lo has decidido?,What do you want to be when you grow up? Have you decided yet,5
C2_translate.json,"Me gusta pintar, pero no querría que fuera el trabajo de mi vida","I like painting, but I wouldn't want it to be my life's work",5
C2_translate.json,¿Alguna vez has pensado en una carrera en la profesión médica?,Have you ever thought about a career in the medical profession,5
C2_translate.json,Mi tío era piloto de aerolíneas. Acaba de jubilarse,My uncle was a pilot with the airlines. He just retired,5
C2_translate.json,Mi hermano está en el ejército. Acaba de ser ascendido al rango de mayor,My brother's in the army. He was just promoted to the rank of major,5
C2_translate.json,Tengo un trabajo bien remunerado con excelentes horarios,I have a good-paying job with excellent hours,5
C2_translate.json,Mi hermana trabajó como secretaria antes de casarse,My sister worked as a secretary before she got married,5
C2_translate.json,El padre de George es abogado. Tiene su propia práctica,George's father is an attorney. He has his own practice,5
C2_translate.json,Siempre se enorgullece de su trabajo. Es muy eficiente,He always takes pride in his work. He's very efficient,5
C2_translate.json,El Sr. Smith es político. Está postulándose para gobernador,Mr. Smith is a politician. He's running for election as governor,5
C2_translate.json,"Después de una exitosa carrera en los negocios, fue nombrado embajador","After a successful career in business, he was appointed ambassador",5
C2_translate.json,"Debido al clima cálido y soleado, las naranjas crecen muy bien aquí","Because of the warm and sunny weather, oranges grow very well here",5
C2_translate.json,"En este país llano, la gente cultiva trigo y maíz y cría ganado",In this flat country people grow wheat and corn and raise cattle,5
C2_translate.json,El suelo por aquí es pedregoso y no muy bueno para la agricultura,The ground around here is stony and not very good for farming,5
C2_translate.json,¿Cuáles son los principales productos agrícolas en esta región?,What are the principal farm products in this region,5
C2_translate.json,"La leche, la mantequilla y el queso se envían aquí desde las granjas lecheras","Milk, butter, and cheese are shipped here from the dairy farms",5
C2_translate.json,Tuvieron que talar muchos árboles para hacer espacio para las granjas,They had to cut down a lot of trees to make room for farms,5
C2_translate.json,"En esta época del año, los agricultores aran sus campos",At this time of the year farmers plow their fields,5
C2_translate.json,En muchas granjas encontrarás vacas y gallinas,On many farms you'll find cows and chickens,5
C2_translate.json,"Si tienes vacas, tienes que levantarte temprano para ordeñarlas",If you have cows you have to get up early to do the milking,5
C2_translate.json,Los tractores han revolucionado la agricultura,Tractors have revolutionized farming,5
C2_translate.json,"En los Estados Unidos, hay muchas fábricas para hacer tela","In the United States, there are many factories for making cloth",5
C2_translate.json,Las fábricas emplean tanto a trabajadores masculinos como femeninos,Factories employ both male and female workers,5
C2_translate.json,"Si trabajas en una fábrica, generalmente tienes que marcar tarjeta","If you work in a factory, you usually have to punch a clock",5
C2_translate.json,¿Es grande la industria de envasado de carne en tu país?,Is meat packing a big industry in your country,5
C2_translate.json,¿Es cierto que la fabricación de automóviles es una industria importante?,Is it true that the manufacturing of automobiles is a major industry,5
C2_translate.json,Mi pasatiempo es coleccionar sellos. ¿Tienes algún pasatiempo?,My hobby is collecting stamps. Do you have a hobby,5
C2_translate.json,Siempre he pensado que la fotografía sería un pasatiempo interesante,I've always thought photography would be an interesting hobby,5
C2_translate.json,"A algunas personas les gusta montar a caballo, pero yo prefiero el golf como pasatiempo","Some people like horseback riding, but I prefer golfing as a hobby",5
C2_translate.json,¿Tienes algún interés especial además de tu trabajo?,Do you have any special interests other than your job,5
C2_translate.json,Aprender idiomas extranjeros es solo una afición para mí,Learning foreign languages is just an avocation with me,5
C2_translate.json,Encuentro relajante coleccionar sellos y me distrae del trabajo,I find stamp collecting relaxing and it takes my mind off my work,5
C2_translate.json,Los fines de semana me gusta desconectarme del trabajo leyendo buenos libros,On weekends I like to get my mind off my work by reading good books,5
C2_translate.json,Mi primo es miembro de un club de teatro. Parece que le gusta actuar,My cousin is a member of a drama club. He seems to enjoy acting,5
C2_translate.json,Toca el piano para su propio disfrute,He plays the piano for his own enjoyment,5
C2_translate.json,Me he interesado en la alta fidelidad. Estoy construyendo mi propio equipo,I've gotten interested in hi-fi. I'm building my own equipment,5
C2_translate.json,No es un profesional. Toca el piano por diversión,He's not a professional. He plays the piano for the fun of it,5
C2_translate.json,"He oído hablar de pasatiempos inusuales, pero nunca había oído hablar de ese","I've heard of unusual hobbies, but I've never heard of that one",5
C2_translate.json,El problema con la fotografía es que es un pasatiempo caro,The trouble with photography is that it's an expensive hobby,5
C2_translate.json,Ese es un conjunto raro de monedas. ¿Cuánto tiempo te tomó reunirlas?,That's a rare set of coins. How long did it take you to collect them,5
C2_translate.json,Empecé un nuevo pasatiempo. Me cansé de trabajar en el jardín,I started a new hobby. I got tired of working in the garden,5
C2_translate.json,El béisbol es mi deporte favorito. ¿Cuál es el tuyo?,Baseball is my favorite sport. What's your favorite,5
C2_translate.json,Mi sobrino es jugador de béisbol. Él es receptor,My nephew is a baseball player. He is a catcher,5
C2_translate.json,"Cuando jugabas al fútbol, ¿qué posición jugabas?","When you played football, what position did you play",5
C2_translate.json,Jugamos un partido anoche. El marcador quedó empatado seis a seis,We played a game last night. The score was tied six-to-six,5
C2_translate.json,Fui a un combate de boxeo anoche. Fue una buena pelea,I went to a boxing match last night. It was a good fight,5
C2_translate.json,"Cuando estaba en el equipo de atletismo, solía correr el cuarto de milla","When I was on the track team, I used to run the quarter mile",5
C2_translate.json,"Me gusta pescar y cazar, pero no me gusta nadar","I like fishing and hunting, but I don't like swimming",5
C2_translate.json,Mi deporte de invierno favorito es el esquí. Pertenezco a un club de esquí,My favorite winter sport is skiing. I belong to a ski club,5
C2_translate.json,¿Te interesaría ir a las carreras de caballos esta tarde?,Would you be interested in going to the horse races this afternoon,5
C2_translate.json,Lo más difícil de aprender es ser un buen perdedor,The hardest thing to learn is to be a good loser,5
C2_translate.json,Sé un buen deportista. Juega según las reglas del juego,Be a good sport. Play according to the rules of the game,5
C2_translate.json,Nuestra familia fue de campamento el verano pasado. Tuvimos que comprar una tienda nueva,Our family went camping last summer. We had to buy a new tent,5
C2_translate.json,Esta tarde fuimos al gimnasio para hacer ejercicio. Levantamos pesas,This afternoon we went to the gym for a workout. We lifted weights,5
C2_translate.json,¿Qué haces para recrearte? ¿Tienes algún pasatiempo?,What do you do for recreation? Do you have a hobby,5
C2_translate.json,Mis músculos están adoloridos por jugar al béisbol,My muscles are sore from playing baseball,5
C2_translate.json,Envié una suscripción a esa revista. Sale todas las semanas,I sent in a subscription to that magazine. It's put out every week,5
C2_translate.json,"Si te suscribes al periódico, te lo entregarán en la puerta","If you subscribe to the newspaper, it'll be delivered to your door",5
C2_translate.json,No leí todo el periódico. Solo eché un vistazo a los titulares,I didn't read the whole paper. I just glanced at the headlines,5
C2_translate.json,El primer capítulo de la historia está en este número de la revista,The first chapter of the story is in this issue of the magazine,5
C2_translate.json,No he visto el último número de la revista. ¿Ya salió?,I haven't seen the latest issue of the magazine. Is it out yet,5
C2_translate.json,¿Cuál es la circulación total de este periódico?,What's the total circulation of this newspaper,5
C2_translate.json,Estoy buscando la sección de clasificados. ¿La has visto?,I'm looking for the classified section. Have you seen it,5
C2_translate.json,Mi cuñado es reportero en el staff de The New York Times,My brother-in-law is a reporter on The New York Times staff,5
C2_translate.json,Había un artículo en el periódico de hoy sobre las elecciones,There was an article in today's paper about the election,5
C2_translate.json,No había muchas noticias en el periódico hoy,There wasn't much news in the paper today,5
C2_translate.json,¿Cuánto tiempo has estado tomando esta revista?,How long have you been taking this magazine,5
C2_translate.json,¿Leíste el artículo sobre el rescate de los dos pescadores?,Did you read the article about the rescue of the two fishermen,5
C2_translate.json,¿Por qué no pones un anuncio en el periódico para vender tu coche?,Why don't you put an advertisement in the paper to sell your car,5
C2_translate.json,Recibí cuatro respuestas a mi anuncio sobre la bicicleta en venta,I got four replies to my ad about the bicycle for sale,5
C2_translate.json,Mi hijo tiene una ruta de periódicos. Él entrega el periódico matutino,My son has a newspaper route. He delivers the morning paper,5
C2_translate.json,¿Qué canal viste en la televisión anoche?,What channel did you watch on television last night,5
C2_translate.json,No recibo una buena imagen en mi televisor. Algo anda mal,I don't get a good picture on my TV set. There's something wrong,5
C2_translate.json,Tienes buena recepción en tu radio,You get good reception on your radio,5
C2_translate.json,"Por favor, sube el volumen de la radio. Está muy bajo",Please turn the radio up. It's too low,5
C2_translate.json,¿Qué hay después de las noticias y el clima? ¿Tienes una guía de TV?,What's on following the news and weather? Do you have a TV guide,5
C2_translate.json,Deberías hacer que Bill revise tu televisor. Tal vez él pueda arreglarlo,You ought to have Bill look at your TV. Maybe he could fix it,5
C2_translate.json,Conocimos a uno de los ingenieros en la estación de televisión,We met one of the engineers over at the television station,5
C2_translate.json,¿Dónde puedo enchufar el televisor? ¿Está bien este enchufe?,Where can I plug in the TV? Is this outlet all right,5
C2_translate.json,No pude escuchar el programa porque había mucha estática,I couldn't hear the program because there was too much static,5
C2_translate.json,Tu radio de coche funciona muy bien. ¿De qué marca es?,Your car radio works very well. What kind is it,5
C2_translate.json,"La próxima vez que compre un televisor, voy a comprar un modelo portátil","The next time I buy a TV set, I'm going to buy a portable model",5
C2_translate.json,Me pregunto si esta es una transmisión local,I wonder if this is a local broadcast,5
C2_translate.json,Tendrías mejor recepción de TV si tuvieras una antena externa,You'd get better TV reception if you had an outside antenna,5
C2_translate.json,La mayoría de los operadores de radioaficionados construyen su propio equipo,Most amateur radio operators build their own equipment,5
C2_translate.json,La estación WRC está fuera del aire ahora. Salieron del aire hace dos horas,Station WRC is off the air now. They signed off two hours ago,5
C2_translate.json,¿Cuál es tu tipo de música favorito? ¿Te gusta el jazz?,What's your favorite kind of music? Do you like jazz,5
C2_translate.json,Él es un compositor de música seria. Me gusta mucho su música,He's a composer of serious music. I like his music a lot,5
C2_translate.json,Anoche fuimos a un concierto para escuchar a la orquesta sinfónica,We went to a concert last night to hear the symphony orchestra,5
C2_translate.json,Mi hermano tomó lecciones de trompeta durante casi diez años,My brother took lessons on the trumpet for nearly ten years,5
C2_translate.json,Tocas el piano maravillosamente. ¿Cuánto practicas cada día?,You play the piano beautifully. How much do you practice every day,5
C2_translate.json,Nunca había escuchado esa pieza antes. ¿Quién la escribió?,I've never heard that piece before. Who wrote it,5
C2_translate.json,¿Alguna vez has pensado en convertirte en músico profesional?,Have you ever thought about becoming a professional musician,5
C2_translate.json,¿Quién es el autor de esta novela?,Who is the author of this novel,5
C2_translate.json,Nunca he leído una historia más conmovedora,I've never read a more stirring story,5
C2_translate.json,¿A quién nombrarías como el mayor poeta de nuestros tiempos?,Who would you name as the greatest poet of our times,5
C2_translate.json,Esta poesía es realista. No me gusta mucho,This poetry is realistic. I don't care for it very much,5
C2_translate.json,Muchos grandes escritores no fueron plenamente apreciados mientras vivían,Many great writers were not appreciated fully while they were alive,5
C2_translate.json,Este es un poema sobre la vida en la frontera en los Estados Unidos,This is a poem about frontier life in the United States,5
C2_translate.json,Este escritor usa descripciones vívidas en sus escritos,This writer uses vivid descriptions in his writings,5
C2_translate.json,¿Cuánto sabes sobre las obras de Henry Wadsworth Longfellow?,How much do you know about the works of Henry Wadsworth Longfellow,5
